Year,Month,Region,County,Age Category,Clinical Sign,Diagnosis,Cases,Temperature,Poultry Density,Outbreak Logistics Regression
2012,5,Yorkshire and The Humber,East Riding and North Lincolnshire,0-7 Days,Unknown,"Yolk Sack
Infection",1,12.5,242.8,0.584
2012,6,Yorkshire and The Humber,North Yorkshire,0-7 Days,Unknown,"Yolk Sack
Infection",2,15.1,55.2,0.511
2012,7,East of England,Hertfordshire,0-7 Days,Found Dead,Not Listed,1,17.2,208.4,0.578
2012,8,South East,Hampshire,0-7 Days,Respiratory,"Yolk Sack
Infection",1,16.8,237.2,0.31
2012,9,West Midlands,Warwickshare,0-7 days,Found Dead,"Yolk Sack
Infection",1,14.2,174.6,0.341
2012,10,West Midlands,Warwickshare,0-7 Days,"Musculoskeletal&/or
Lame",Skeletal Defects,1,10.6,106.2,0.12
2012,1,East of England,Hertfordshire,Adult,Found Dead,"Egg Peritonitis and Salingitis,
Northern Fowl Mite",2,4.1,99.5,0.342
2012,1,Scotland,North Eastern Scotland,Adult,Wasting,"Mycoplasmosis, Tuberculosis",2,4.1,240.1,0.294
2012,1,South East,All,Adult,"Nervous, Found Dead","Marek's Disease, Helminthosis",3,4.1,92.3,0.546
2012,1,South West,All,Adult,"Musculoskeletal&/or
Lame, Respiratory","Infectious Laryngo-tracheitis, Marek's Disease",2,4.1,72.1,0.552
2012,1,Wales,Pembrokeshire,Adult,Wasting,Coccidiosis,1,4.1,221.3,0.48
2012,1,West Midlands,All,Adult,"Nervous, Unknonwn, Recumbent","Egg Peritonitis and Salpingitis,
Marek's Disease, Vent and Feather Pecking",3,4.1,288.3,0.334
2012,1,Yorkshire and The Humber,North Yorkshire,Adult,Wasting,Neoplasm,1,4.1,51,0.151
2012,3,East of England,All,Adult,Wasting,Marek's Disease,2,6.8,178,0.883
2012,3,North West,All,Adult,Wasting,Marek's Disease,1,6.8,253.2,0.372
2012,3,Scotland,Dumfried and Galloway,Adult,Wasting,Marek's Disease,1,6.8,203.1,0.496
2012,3,South East,Surrey,Adult,"Unknown, Non-Specific","Infectious sinusitis, Marek's Disease, Mycotic Pneumonia or airsacculitis",3,6.8,230.4,0.882
2012,3,South West,All,Adult,Musculoskeletal&/or Lame,Marek's Disease,1,6.8,123,0.453
2012,3,Wales,Carmarthenshire,Adult,Found Dead,"Ectoparasite, Neoplasm",2,6.8,279.4,0.355
2012,3,Yorkshire and The Humber,North Yorkshire,Adult,Musculoskeletal&/or Lame,Marek's Disease,1,6.8,228.6,0.516
2012,5,East Midlands,Nottinghamshire,Adult,Respiratory,"Infectious laryngo-tracheitis, Marek's Disease",1,12.5,185.6,0.563
2012,5,East of England,All,Adult,Wasting,"Avian intestinal spirachaetosis, Egg peritonitis and salpingitis, Marek's Disease, Neoplasm ",4,12.5,85.5,0.783
2012,5,Scotland,All,Adult,"Unknown, Skin","Colisepticaemia, Egg peritonitis and salpingitis, Focal myositis associated with oil-emulsion, Vent & feather pecking",4,12.5,143.3,0.154
2012,8,East Midlands,Leichestershire and Rutlands,Adult,Found Dead,"Egg Peritonitis and Salpingitis, Infectious bronchitis",2,16.8,218.5,0.472
2012,8,East of England,Norfolk,Adult,Respiratory,"Infectious bronchitis, Infectious coryza",2,16.8,160.5,0.726
2012,8,Scotland,All,Adult,Found Dead,Red Mite,1,16.8,158.5,0.675
2012,8,Wales,All,Adult,"Unknown, Wasting","Helminthosis, Marek's Disease",2,16.8,204.4,0.569
2012,10,East of England,All,Adult,"Found Dead, Respiratory, Wasting","Fatty Liver haem syndrome of layer chickens, Infectious laryngo-tracheitis, Marek's Disease, Pneumonia other cause",4,10.6,178.3,0.13
2012,10,Scotland,Lothian,Adult,"Found Dead, Unknown","Ectoparasite, Egg peritonitis and salingitis",2,10.6,212.6,0.381
2012,10,Wales,North West Wales,adult,Recumbent,Manutrition,1,10.6,200.3,0.551
2012,12,East of England,Hertfordshire,Adult,Non-specific,Marek's Disease,1,4.6,251.3,0.34
2012,12,Wales,All,Adult,"Non-Specific, Unknown","Coccidiosis, Helminthosis, Infectious bronchitis",3,4.6,180.4,0.51
2012,12,East Midlands,Notthinghamshire,Adult,Wasting,Marek's Disease,1,4.6,277.2,0.639
2013,1,West Midlands,Straffordshire,0-7 Days,Found Dead,Colisepticaemia,1,4.1,129.8,0.227
2013,2,West Midlands,Straffordshire,0-7 Days,Found Dead,Not listed - systemic,1,4.5,72.6,0.14
2013,9,Scotland,Lothian,0-7 Days,Unknown,"Yolk Sack
Infection/omphalitis",1,14.2,125.2,0.37
2013,11,Scotland,Ayrshire,0-7 Days,Found Dead,"Nephrosis, nephropathy and visceral gout",1,7.2,78.5,0.186
2013,1,East Midlands,All,Adult,Respiratory,Not listed - systemic,1,4.1,257.2,0.243
2013,2,East of England,Hertfordshire,Adult,All,Egg peritonitis and salpingitis,1,4.5,61.7,0.809
2013,2,Scotland,Scottish Borders,Adult,Recumbent,"Mycoplasmosis-other, Pneumonia -other cause",2,4.5,206.6,0.392
2013,2,South West,Somerset excl Disease,Adult,Wasting,Marek's Disease,1,4.5,186.9,0.275
2013,2,Wales,All,Adult,Wasting,Marek's Disease,1,4.5,254.8,0.702
2013,3,East Midlands,All,Adult,"Respiratory, Wasting","Helminthosis,Not listed- digestive, Not listed- sytemic",4,6.8,99.7,0.186
2013,3,North West,All,Adult,Recumbent,Cardiomyopathy and heart failure,1,6.8,264.2,0.696
2013,3,Scotland,All,Adult,Found Dead,"Adverse environment, Northern Fowl mite",2,6.8,137.9,0.476
2013,3,South East,Hampshire,Adult,Other/Unknown,Neoplasm,1,6.8,238.7,0.579
2013,4,East of England,Hertfordshire,Adult,Abnormal faeces or other GIT,Pneumonia -other cause,1,9.3,124,0.218
2013,4,North West,All,Adult,Abnormal faeces or other GIT,"Mycoplasma gallisepticum, Pneumonia -other cause",2,9.3,271,0.247
2013,4,North West,All,Adult,Found Dead,Egg peritonitis and salpingitis,1,9.3,131.4,0.616
2013,4,North West,All,Adult,Recumbent,Marek's Disease,1,9.3,91.3,0.139
2013,4,Scotland,North Eastern Scotland,Adult,Respiratory,Diagnosis: Egg peritonitis and salpingitis,1,9.3,148.1,0.299
2013,4,South East,All,Adult,Wasting,"Marek's Disease, Neoplasm(other, including adenocarcinoma)",2,9.3,73.4,0.534
2013,4,South West,Devon,Adult,Non-specific,Pasteurellosis (non-respiratory),1,9.3,255.3,0.281
2013,4,Wales,All,Adult,"Abnormal faeces or other GIT, Musculoskeletal&/or Lame","Marek's Disease, Neoplasm(other, including adenocarcinoma)",1,9.3,87.8,0.405
2013,5,East Midlands,Derbyshire,Adult,Egg drop or Egg quality,Infectious bronchitis,1,12.5,146,0.838
2013,5,East of England,Essex,Adult,Wasting,Neoplasm,1,12.5,286.1,0.84
2013,5,North West,Lancashire,Adult,Other/Unknown,Egg peritonitis and salpingitis,1,12.5,296.9,0.553
2013,5,Scotland,North Eastern Scotland,Adult,Other/Unknown,Not listed - urinary,1,12.5,164.1,0.527
2013,5,South East,Hampshire,Adult,Abnormal faeces or other GIT,Neoplasm,1,12.5,256.5,0.112
2013,5,South West,All,Adult,Found Dead,"Pasteurellosis (non-respiratory), Impactions",2,12.5,112.8,0.882
2013,5,Wales,Ceredigion,Adult,other/Unknown,Colisepticaemia,1,12.5,199.3,0.558
2013,5,West Midlands,All,Adult,"Non-specific, Respiratory","Egg peritonitis and salpingitis, Neoplasm(other, including adenocarcinoma), Syngamus species infection(Gapeworm)",2,12.5,275.7,0.733
2013,6,East Midlands,Nottinghamshire,Adult,Wasting,"Egg peritonitis and salpingitis, Helminthosis",2,15.1,183.6,0.549
2013,6,North East,durham,Adult,found dead,infectious bronchitis,1,15.1,197.6,0.802
2013,6,North West,All,Adult,"Abnormal faeces or other GIT, Egg drop or Egg quality, , other/Unknown","colisepticaemia, infectious laryngo-tracheitis, tuberculosis",1,15.1,59.8,0.567
2013,6,South East,All,Adult,"Respiratory, Wasting","Egg peritonitis and salpingitis, infectious bronchitis, not listed- digestive",3,15.1,139.3,0.667
2013,6,South West,gloucestershire,Adult,"Found Dead, Respiratory","Colisepticaemia, Hypovitaminosis A",1,15.1,69.9,0.219
2013,6,West Midlands,All,Adult,"Other unknown, Respiratory","not liosted- reproductive, Pasteurella multocida",1,15.1,126.4,0.443
2013,7,East of England,All,Adult,Egg drop or Egg quality,Marek's Disease,1,17.2,132.7,0.655
2013,7,North East,Northumberland,Adult,other/Unknown,Marek's Disease,1,17.2,243.5,0.184
2013,7,North West,Lancashire,Adult,"found dead, Nervous","Egg peritonitis and salpingitis, Marek's Disease",1,17.2,60,0.452
2013,7,Scotland,all,Adult,Found Dead,not listed - digestive,1,17.2,157.4,0.233
2013,7,South East,all,Adult,"Respiratory, found dead, wasting","Egg peritonitis and salpingitis, Myeloid leucosis(avian), Not listed- urinary",2,17.2,128.7,0.506
2013,7,South West,all,Adult,"other/Unknown, wasting","marek's disease, Egg peritonitis and salpingitis",2,17.2,209.1,0.755
2013,7,Wales,Ceredigion,Adult,recumbent,Coccidiosis,1,17.2,136.6,0.172
2013,8,East Midlands,Derbyshire,Adult,"non-specific, Other/unknown","colisepticaemia, oviduct-prolapsed",1,16.8,60.8,0.74
2013,8,Scotland,north eastern scotland,Adult,found dead ,not listed-respiratory ,1,16.8,270,0.552
2013,8,South East,East sussex,Adult,found dead ,Egg peritonitis and salpingitis,1,16.8,240.8,0.571
2013,8,South West,All,Adult,Other/Unknown,Not listed-digestive,1,16.8,269.5,0.258
2013,8,West Midlands,All,Adult,"Found Dead, Other/Unknwon","Helminthosis, Pasteurella multocida",2,16.8,154.4,0.449
2014,1,West Mislands,Warwickshare,0-7 Days,Found Dead,"Yolk Sac
Infection",1,4.1,69.1,0.387
2014,5,West Mislands,Staffordshire,0-7 Days,Found Dead,Colisepticaemia,1,12.5,245,0.685
2014,5,Scotland,Ayrshire,0-7 Days,Unknown,Adverse environment,1,12.5,159.6,0.519
2014,10,Scotland,Ayrshire,0-7 Days,Unknown,"""Yolk Sac
Infection""",1,10.6,230.9,0.174
2014,1,South West,Somerset excl North,Adult,Wasting,neoplasm,1,4.1,294.5,0.185
2014,1,Wales,Powys,Adult,Non specific,Blackheads,1,4.1,184.6,0.219
2014,1,Wales,Ceredigion,Adult,Found Dead,Egg peritonitis & salpingitis,1,4.1,175.3,0.229
2014,1,Wales,Ceredigion,Adult,Found Dead,Gizzard erosion - NOS,1,4.1,68,0.142
2014,1,Wales,Powys,Adult,Non specific,Helminthosis,1,4.1,117.1,0.138
2014,1,West Mislands,Staffordshire,Adult,Respiratory,Colisepticaemia,1,4.1,175,0.859
2014,2,Scotland,Ayrshire,Adult,Unknown,"Neoplasm (other, including adenocarcinoma)",1,4.5,219.8,0.173
2014,2,South West,Buckinghamshire,Adult,Respiratory,Ammonia keratoconjunctivitis,1,4.5,250.9,0.507
2014,3,North West,Cumbria,Adult,Unknown,Blackhead,2,6.8,145.2,0.195
2014,4,North West,Lancashire,Adult,Unknown,Malnutrition,1,9.3,66.5,0.272
2014,4,South East,Hampshire,Adult, Abnormal faeces or other GIT,Marek's Disease,1,9.3,122,0.71
2014,4,Wales,South Wales,Adult,Found Dead,Infectious laryngo-tracheitis,3,9.3,277.4,0.851
2014,5,Wales,Carmarthenshire,Adult,Found Dead,Fatty liver haem syndrome of layer chickens,2,12.5,103.3,0.476
2014,5,Wales,Carmarthenshire,Adult,Abnormal faeces or other GIT,Helminthosis,1,12.5,163,0.105
2014,5,South East,Surrey,Adult,Wasting,Egg peritonitis and salpingitis,1,12.5,282.8,0.899
2014,5,South West,Devon,Adult,Abnormal faeces or other GIT,Pasteurellosis (non-respiratory),1,12.5,56.2,0.138
2014,6,Scotland,Argyll and Bute,Adult,Wasting,Blackhead,1,15.1,200.1,0.412
2014,6,Scotland,Ayrshire,Adult,Found Dead,Egg peritonitis and salpingitis,1,15.1,287.5,0.531
2014,11,East of England, Suffolk,Adult,Egg drop or Egg quality,Pasteurella multocida,1,7.2,107.6,0.813
2014,11,North West,Greater Manchester,Adult,Wasting,Marek's Disease,1,7.2,187.1,0.758
2014,11,Scotland,Scotland,Adult,Tayside,Infectious laryngo-tracheitis,1,7.2,277.3,0.588
2014,11,South West,Northern Somerset & South Gloucestershire,Adult,Wasting,"Neoplasm (other, including adenocarcinoma)",1,7.2,83.3,0.419
2014,11,Wales,Carmarthenshire,Adult,Wasting,Helminthosis,1,7.2,180.9,0.768
2014,11,Wales,North East Wales,Adult,Found Dead,Marek's Disease,1,7.2,237.6,0.795
2014,7,Scotland,Lothian,Immature,Found Dead,"Yolk Sac
Infection",3,17.2,217.3,0.798
2014,10,Scotland,Ayrshire,Immature,Unknown,"Yolk Sac
Infection",2,10.6,166.9,0.674
2014,10,Scotland,Ayrshire,Immature,Unknown,Broiler ascites,2,10.6,101.2,0.178
2014,10,West Mislands,Herefordshire,Immature,Recumbent,Not listed - systemic,2,10.6,172.7,0.339
2014,8,Wales,Carmarthenshire,Unknown,Non specific,Egg peritonitis and salpingitis,2,16.8,143.1,0.489
2015,5,North West,Cumbria,0-7 Days,Unknown,Not listed - reproductive,1,12.5,169.4,0.504
2015,9,Wales,Ceredigion,0-7 Days,Wasting,Coccidiosis,1,14.2,141.5,0.766
2015,9,Wales,Ceredigion,0-7 Days,Wasting,Helminthosis,1,14.2,259.5,0.29
2015,9,Wales,Ceredigion,0-7 Days,Wasting,Infectious bronchitis,3,14.2,242.2,0.632
2015,4,East of England,Herefordshire,0-7 Days,"Found Dead, Other, Wasting"," Neoplasm (other, including adenocarcinoma)",3,9.3,128.5,0.399
2015,4,East of England,Tayside,Adult,"Found Dead, Other, Wasting"," Neoplasm (other, including adenocarcinoma)",3,9.3,193.2,0.72
2015,5,Scotland,Ayrshire,Adult,Unknown," Neoplasm (other, including adenocarcinoma)",1,12.5,119,0.257
2015,5,South West,Somerset excl North,Adult,Respiratory,"Neoplasm (other, including adenocarcinoma)",1,12.5,163.2,0.481
2015,5,South West,Somerset excl North,Adult,Respiratory, Egg peritonitis and salpingitis,1,12.5,138.2,0.183
2015,8,South West,Devon,Adult,Unknown,Egg peritonitis and salpingitis,1,16.8,214.3,0.27
2015,8,South West,Devon,Adult,Unknown,Not listed - digestive,1,16.8,142.6,0.848
2015,12,East of England,Suffolk,Adult,Respiratory,Mycotic pneumonia or airsacculitis,2,4.6,164.8,0.353
2015,6,Scotland,Ayrshire,Immature,Wasting,Colisepticaemia,1,15.1,229.8,0.814
2015,7,East Midlands,Lincolnshire,Immature,Found Dead,Found Dead,1,17.2,153.2,0.519
2015,1,East of England,Hertfordshire,Immature,Found Dead,Broiler ascites,1,4.1,276.6,0.131
2015,1,East of England,Hertfordshire,Immature,Unknown,"Yolk Sac
Infection",1,4.1,95.1,0.734
2015,9,Scotland,Ayrshire,Immature,Found Dead,Adverse environment,1,14.2,235.3,0.142
2015,11,Scotland,Ayrshire,Immature,Unknown,Adverse environment,1,7.2,155.6,0.762
2015,11,Scotland,Ayrshire,Immature,Unknown,Colisepticaemia,1,7.2,156.6,0.107
2015,11,Scotland,Ayrshire,Immature,Unknown,Sudden death ,1,7.2,208.6,0.639
2015,11,Scotland,Ayrshire,Immature,Unknown,"Yolk Sac
Infection",1,7.2,180.7,0.233
2015,10,East of England,Suffolk,Unknown,Respiratory,Visceral parasitism,1,10.6,153.7,0.374
2015,10,East of England,Suffolk,Unknown,Unknown,Coccidiosis,1,10.6,50.4,0.862
2015,10,East of England,Suffolk,Unknown,Respiratory,Infectious bronchitis,1,10.6,73.1,0.489
2015,10,Yorkshire and The Humber,North Yorkshire,Unknown,Non specific,Blackhead,1,10.6,227.3,0.626
2015,10,Yorkshire and The Humber,North Yorkshire,Unknown,Non specific,Red Mite,1,10.6,181.1,0.693
2015,7,South West,Devon,Unknown,Respiratory,Mycoplasma synoviae infection,1,17.2,224,0.188
2015,7,South West,Devon,Unknown,Respiratory,Infectious bronchitis,1,17.2,288.9,0.771
2015,7,South West,Devon,Unknown,Respiratory,Egg peritonitis and salpingitis,1,17.2,220.7,0.831
2016,1,Scotland,Ayrshire,0-7 Days,Found Dead,"Yolk Sac
Infection",1,4.1,63.3,0.224
2016,3,Scotland,Ayrshire,0-7 Days,Found Dead,"Yolk Sac
Infection",2,6.8,127.2,0.537
2016,3,Scotland,Ayrshire,0-7 Days,Found Dead,Sudden death syndrome ,1,6.8,198.1,0.327
2016,6,Scotland,Ayrshire,0-7 Days,Unknown,Colisepticaemia,1,15.1,108.8,0.693
2016,8,South West,Somerset excl North,0-7 Days,Wasting,Red Mite,1,16.8,291.2,0.123
2016,12,West Mislands,Hertfordshire,Adult,Wasting, Tuberculosis,1,4.6,286.3,0.51
2016,12,West Mislands,Hertfordshire,Adult,Recumbent,Neoplasm,1,4.6,262.1,0.734
2016,7,Yorkshire and The Humber,North Yorkshire,Adult,Unknown,Trauma/Fracture,1,17.2,168.1,0.688
2016,7,Yorkshire and The Humber,North Yorkshire,Adult,Unknown,Egg peritonitis and salpingitis,1,17.2,260.4,0.187
2016,7,East of England,Suffolk,Adult,Wasting,Egg peritonitis and salpingitis,1,17.2,82.8,0.766
2016,2,North West,Cumbria,Adult,Found dead,Neoplasm,1,4.5,127.2,0.29
2016,2,South West,Northern Somerset & South Gloucestershire,Adult,Wasting,Neoplasm-av. lymphoid leucosis,1,4.5,165.7,0.746
2016,2,East Midlands,Derbyshire,Adult,Musculoskeletal&/or Lame,Marek's Disease,1,4.5,235.5,0.498
2016,10,North East, Northumberland,Adult,Respiratory,Not listed - respiratory,1,10.6,171.5,0.229
2016,10,South East,Kent,Immature,Found dead,Vent & feather pecking,1,10.6,84.2,0.687
2016,1,Scotland,Ayrshire,Immature,Unknown,Colisepticaemia,1,4.1,135.9,0.746
2016,2,Scotland,Ayrshire,Immature,Unknown,Colisepticaemia,2,4.5,131.1,0.659
2016,2,Scotland,Ayrshire,Immature,Recumbent,Colisepticaemia,1,4.5,125.1,0.872
2016,2,North East,Durham,Immature,Respiratory,Mycoplasma gallisepticum,1,4.5,91.4,0.305
2016,2,North East,Durham,Immature,Respiratory,Ornithobacterium rhinotracheale (ORT),1,4.5,153.7,0.289
2016,4,South West,Somerset excl North,Immature,Egg drop or Egg quality, Infectious bronchitis,1,9.3,162,0.218
2016,4,Scotland,North Eastern Scotland,Unknown,Respiratory,Infectious laryngo-tracheitis,1,9.3,243.7,0.532
2016,7,Wales,Pembrokeshire,Unknown,Wasting,Coccidiosis,1,17.2,249.1,0.42
2016,9,South West,Devon,Unknown,Nervous,Coccidiosis,1,14.2,180.6,0.385
2016,10,Scotland,North Eastern Scotland,Unknown,Unknown,Foul pox,1,10.6,165.2,0.468
2016,10,South West,Devon,Unknown,Respiratory,Mycoplasma gallisepticum,1,10.6,244.6,0.32
2016,10,North East,Northumberland,Unknown,Found dead,Pasteurellosis (non-respiratory),1,10.6,271.8,0.103
2017,1,South East,Kent,0-7 Days,Found Dead,Yolk Sack Infection,1,4.1,218.7,0.477
2017,2,North West,Cheshire,Immature,Neurological,Marek's Disease,1,4.5,250.1,0.321
2017,2,South West,Somerset,Unknown,Digestive,Necrotic Enteritis,1,4.5,284.8,0.46
2017,3,Yorkshire & Humber,East Riding of Yorkshire,0-7 Days,Unknown,Omphalitis,1,6.8,60.2,0.843
2017,3,Wales,Pembrokeshire,ImImmature,Skin Lesions,Scaly Leg Mite,1,6.8,268.9,0.243
2017,4,Scotland,Ayrshire,Unknown,Respiratory,Mycoplasmosis,1,9.3,119.1,0.61
2017,5,North East,County Durham,Immature,Musculoskeletal,Bumblefoot,1,12.5,168.9,0.616
2017,6,Scotland,Ayrshire,0-7 Days,Other/Unknown,Cardiomyopathy,1,15.1,249.2,0.325
2017,6,South West,Devon,Unknown,Unknown,Egg Peritonitis & Salpingitis,1,15.1,229.3,0.477
2017,6,South West,Cornwall,ImImmature,Respiratory,Aspergillosis,1,15.1,86.8,0.876
2017,6,South East,Hampshire,Immature,Found Dead,Botulism,1,15.1,214.7,0.374
2017,7,Wales,"Conwy (was ""Correlation"")",ImImmature,Unknown,Pneumonia - Other Cause,1,17.2,67.3,0.67
2017,7,South West,Somerset,ImImmature,Found Dead,Trauma/Fracture,1,17.2,139.3,0.772
2017,8,North West,Lancashire,0-7 Days,Digestive,Coccidiosis,1,16.8,253.2,0.389
2017,8,Yorkshire & Humber,North Yorkshire,Immature,Respiratory,Pasteurellosis,1,16.8,156.9,0.892
2017,9,South East,Oxfordshire,Unknown,Reproductive,Salpingitis,1,14.2,200,0.601
2017,10,Scotland,Fife,0-7 Days,Respiratory,Colibacillosis,1,10.6,232,0.501
2017,11,South West,Somerset,Unknown,Respiratory,Pasteurellosis,1,7.2,255.3,0.672
2017,11,North East,Darlington,Unknown,Other/Unknown,Unknown,1,7.2,240.1,0.439
2017,11,Wales,Carmarthenshire,ImImmature,Digestive,Enteritis,1,7.2,51.8,0.67
2017,12,South East,East Sussex,Unknown,Found Dead,Heat Stress,1,4.6,155.1,0.32
2017,4,North West,Merseyside,ImImmature,Respiratory,Avian Influenza,1,9.3,165.8,0.842
2017,8,South West,Gloucestershire,Immature,Found Dead,Fatty Liver Hemorrhagic Syndrome,1,16.8,63.9,0.534
2017,10,Yorkshire & Humber,South Yorkshire,Unknown,Musculoskeletal,Rickets,1,10.6,185.4,0.293
2017,12,Scotland,Dumfries & Galloway,ImImmature,Skin Lesions,Lice Infestation,1,4.6,201.9,0.45
2017,1,South East,Kent,0-7 Days,Found Dead,Yolk Sack Infection,3,4.1,257.1,0.816
2017,2,North West,Cheshire,Immature,Neurological,Marek's Disease,2,4.5,285.5,0.746
2017,2,South West,Somerset,Unknown,Digestive,Necrotic Enteritis,4,4.5,82,0.488
2017,3,Yorkshire & Humber,East Riding of Yorkshire,0-7 Days,Unknown,Omphalitis,3,6.8,107.6,0.381
2017,3,Wales,Pembrokeshire,ImImmature,Skin Lesions,Red Mite Infestation,1,6.8,214.8,0.401
2017,4,Scotland,Ayrshire,Unknown,Respiratory,Mycoplasmosis,2,9.3,83.1,0.885
2017,5,North East,County Durham,Immature,Musculoskeletal,Bumblefoot,3,12.5,106,0.19
2017,6,Scotland,Ayrshire,0-7 Days,Other/Unknown,Cardiomyopathy,2,15.1,193.7,0.811
2017,6,South West,Devon,Unknown,Unknown,Egg Peritonitis & Salpingitis,2,15.1,92.4,0.786
2017,6,South West,Cornwall,ImImmature,Respiratory,Aspergillosis,3,15.1,245.6,0.28
2017,6,South East,Hampshire,Immature,Found Dead,Botulism,2,15.1,264.2,0.379
2017,7,Wales,Conwy,ImImmature,Unknown,Pneumonia - Other Cause,2,17.2,58.4,0.556
2017,7,South West,Somerset,ImImmature,Found Dead,Trauma/Fracture,1,17.2,183.2,0.742
2017,8,North West,Lancashire,0-7 Days,Digestive,Coccidiosis,1,16.8,249.2,0.86
2017,8,Yorkshire & Humber,North Yorkshire,Immature,Respiratory,Pasteurellosis,4,16.8,293.8,0.893
2017,9,South East,Oxfordshire,Unknown,Reproductive,Salpingitis,2,14.2,118.6,0.325
2017,10,Scotland,Fife,0-7 Days,Respiratory,Colibacillosis,1,10.6,92.3,0.254
2017,11,South West,Somerset,Unknown,Respiratory,Pasteurellosis,1,7.2,269.2,0.49
2017,11,North East,Darlington,Unknown,Other/Unknown,Unknown,3,7.2,277.3,0.546
2017,11,Wales,Carmarthenshire,ImImmature,Digestive,Enteritis,4,7.2,99.4,0.625
2017,12,South East,East Sussex,Unknown,Found Dead,Heat Stress,2,4.6,160.4,0.186
2017,6,South West,Dorset,Immature,Neurological,Newcastle Disease,1,15.1,229.8,0.617
2017,9,Yorkshire & Humber,West Yorkshire,Unknown,Musculoskeletal,Rickets,2,14.2,261.3,0.837
2017,4,North West,Greater Manchester,0-7 Days,Digestive,Rotavirus,1,9.3,92.1,0.832
2017,8,Wales,Gwynedd,Immature,Reproductive,Egg Binding,3,16.8,216.2,0.855
2017,10,Scotland,Highland,ImImmature,Skin Lesions,Lice Infestation,2,10.6,252,0.838
2017,5,South West,Wiltshire,Immature,Found Dead,Fatty Liver Syndrome,2,12.5,187.4,0.869
2018,1,South East,Kent,0-7 Days,Found Dead,Yolk Sack Infection,2,4.1,91.2,0.139
2018,2,North West,Cheshire,Immature,Neurological,Marek's Disease,3,4.5,58.9,0.833
2018,2,South West,Somerset,Unknown,Digestive,Necrotic Enteritis,1,4.5,120.4,0.317
2018,3,Yorkshire & Humber,East Riding,0-7 Days,Unknown,Omphalitis,2,6.8,252,0.357
2018,3,Wales,Pembrokeshire,Immature,Skin Lesions,Scaly Leg Mite,1,6.8,61.2,0.467
2018,4,Scotland,Ayrshire,Unknown,Respiratory,Mycoplasmosis,3,9.3,52.1,0.864
2018,5,North East,County Durham,Immature,Musculoskeletal,Bumblefoot,2,12.5,140.4,0.584
2018,6,Scotland,Ayrshire,0-7 Days,Other/Unknown,Cardiomyopathy,1,15.1,65.9,0.382
2018,6,South West,Devon,Unknown,Unknown,Egg Peritonitis & Salpingitis,2,15.1,87.4,0.399
2018,6,South West,Cornwall,Immature,Respiratory,Aspergillosis,1,15.1,55.8,0.824
2018,6,South East,Hampshire,Immature,Found Dead,Botulism,1,15.1,181.2,0.758
2018,7,Wales,Conwy,Immature,Unknown,Pneumonia - Other Cause,2,17.2,224.2,0.21
2018,7,South West,Somerset,Immature,Found Dead,Trauma/Fracture,1,17.2,156.8,0.299
2018,8,North West,Lancashire,0-7 Days,Digestive,Coccidiosis,3,16.8,83.6,0.398
2018,8,Yorkshire & Humber,North Yorkshire,Immature,Respiratory,Pasteurellosis,2,16.8,132.8,0.273
2018,9,South East,Oxfordshire,Unknown,Reproductive,Salpingitis,1,14.2,197.6,0.551
2018,10,Scotland,Fife,0-7 Days,Respiratory,Colibacillosis,2,10.6,285.2,0.279
2018,11,South West,Somerset,Unknown,Respiratory,Pasteurellosis,1,7.2,298.1,0.56
2018,11,North East,Darlington,Unknown,Other/Unknown,Unknown,1,7.2,110.4,0.849
2018,11,Wales,Carmarthenshire,Immature,Digestive,Enteritis,1,7.2,52.6,0.779
2018,12,South East,East Sussex,Unknown,Found Dead,Heat Stress,1,4.6,257.7,0.179
2018,4,North West,Merseyside,Immature,Respiratory,Avian Influenza,1,9.3,281.7,0.266
2018,8,South West,Gloucestershire,Immature,Found Dead,Fatty Liver Hemorrhagic Syndrome,1,16.8,164.7,0.43
2018,10,Yorkshire & Humber,South Yorkshire,Unknown,Musculoskeletal,Rickets,2,10.6,242.9,0.617
2018,12,Scotland,Dumfries & Galloway,Immature,Skin Lesions,Lice Infestation,1,4.6,266.5,0.409
2018,1,South East,Kent,0-7 Days,Found Dead,Yolk Sack Infection,1,4.1,202.4,0.301
2018,2,North West,Greater Manchester,0-7 Days,Digestive,Rotavirus,1,4.5,268.2,0.376
2018,3,Wales,Gwynedd,Immature,Reproductive,Egg Binding,2,6.8,56,0.263
2018,5,South West,Wiltshire,Immature,Found Dead,Fatty Liver Syndrome,1,12.5,117.9,0.789
2018,6,South West,Dorset,Immature,Neurological,Newcastle Disease,1,15.1,119.3,0.658
2018,9,Yorkshire & Humber,West Yorkshire,Unknown,Musculoskeletal,Rickets,1,14.2,80.2,0.429
2018,10,Scotland,Highland,Immature,Skin Lesions,Lice Infestation,1,10.6,277.7,0.66
2018,4,South West,Somerset,Immature,Respiratory,Infectious Laryngotracheitis,1,9.3,57.6,0.516
2018,7,Wales,South Wales,Adult,All,All,1,17.2,218.1,0.521
2018,8,South West,Gloucestershire,Immature,Found Dead,Egg Peritonitis,1,16.8,67.8,0.394
2018,9,South East,Berkshire,Unknown,Respiratory,Infectious Bronchitis,1,14.2,140.2,0.491
2018,11,North West,Cumbria,Immature,Digestive,Coccidiosis,1,7.2,154.5,0.888
2018,5,Wales,Powys,Unknown,Neurological,Botulism,1,12.5,95.4,0.728
2018,7,North East,Northumberland,Immature,Respiratory,Aspergillosis,1,17.2,180.3,0.762
2018,9,Yorkshire & Humber,North Lincolnshire,Adult,Musculoskeletal,Bumblefoot,1,14.2,183.7,0.199
2018,12,South West,Bristol,Unknown,Other/Unknown,Unknown,1,4.6,129.3,0.503
2018,8,Scotland,Perthshire,Immature,Skin Lesions,Scaly Leg Mite,1,16.8,234.3,0.394
2019,1,East of England,Hertfordshire,Adult,Respiratory,Marek's Desease,1,4.1,90.1,0.171
2019,1,North East,Tyne & Wear,Adult,Found Dead,Impactions,1,4.1,98.1,0.416
2019,2,South East,Surrey,Adult,Abnormal faeces & other GIT,Egg peritonitis & salpingits,1,4.5,138.6,0.159
2019,2,East of England,Hertfordshire,Adult,Nervous,Neoplasm,1,4.5,144.6,0.287
2019,3,Scotland,Tayside,Adult,Unknown,Egg peritonitis & salpingits,1,6.8,101.6,0.739
2019,4,South West,Devon,Adult,Nervous,Egg peritonitis & salpingits,1,9.3,279.7,0.649
2019,5,Yorkshire and The Humber,North Yorkshire,Adult,Non specific,Egg peritonitis & salpingits,1,12.5,257,0.659
2019,5,South East,Kent,Adult,Egg drop or Egg quality,Neoplasm,1,12.5,76.7,0.163
2019,6,South West,Devon,Adult,Found Dead,Egg peritonitis & salpingits,1,15.1,142.4,0.231
2019,6,South West,Somerset excl North,Unknown,Wasting,Egg peritonitis & salpingits,1,15.1,108.2,0.117
2019,7,South West,Somerset excl North,Immature,Musculoskeletal &/or Lame,Marek's Desease,1,17.2,162.8,0.178
2019,8,South West,Devon,Immature,Wasting,Coccidiosis,1,16.8,119.1,0.181
2019,9,North West,Cumbria,Adult,Recumbent,Neoplasm,1,14.2,175.5,0.868
2019,10,Wales,Pembrokeshire,Immature,Respiratory,Pododermatitis,1,10.6,280.7,0.815
2019,11,Yorkshire and The Humber,North Yorkshire,Immature,Abnormal faeces & other GIT,Neoplasm,1,7.2,145.6,0.263
2019,12,East of England,Bedfordshire,Adult,Nervous,Marek's Desease,1,4.6,212.5,0.303
2020,1,Yorkshire and The Humber,North Yorkshire,Adult,Wasting,Neoplasm,1,4.1,198.9,0.869
2020,2,Yorkshire and The Humber,North Yorkshire,Adult,Wasting,Neoplasm,1,4.5,238,0.556
2020,3,Wales,South Wales,Unknown,Non specific,Colicepticaemia,1,6.8,65.4,0.395
2020,3,East Midlands,Lincolnshire,Immature,Wasting,Poor Intestinal health in broilers ,1,6.8,236.2,0.473
2020,5,East of England,Bedfordshire,Adult,Musculoskeletal &/or Lame,Marek's Desease,1,12.5,286.6,0.318
2020,6,Yorkshire and The Humber,West Yorkshire,Adult,Found Dead,Colicepticaemia,1,15.1,200.9,0.567
2020,7,Scotland,North Eastern Scotland, 0-7 Days,Found Dead,"Yolk Sack
Infection",1,17.2,121.9,0.68
2020,7,North East,Durham,Adult,Nervous,Egg peritonitis & salpingits,1,17.2,218.1,0.512
2020,8,East of England,Hertfordshire,Immature,Musculoskeletal &/or Lame,Skeletal defects,1,16.8,228,0.757
2020,9,South West,Devon,Adult,Respiratory,Helminthosis,1,14.2,214.1,0.191
2020,10,North West,Cumbria,Adult,Non specific,Helminthosis,1,10.6,86.7,0.583
2020,10,North East,Durham,Unknown,Found Dead,Marek's Desease,1,10.6,293.4,0.892
2020,11,East of England,Hertfordshire,Adult,Nervous,Marek's Desease,1,7.2,288.8,0.219
2020,12,East of England,Suffolk,Immature,Musculoskeletal &/or Lame,Ostemalacia,1,4.6,156.2,0.496
2020,12,London,Greater London,Immature,Wasting,Coccidiosis,1,4.6,198.4,0.604
2021,1,London,Greater London,Adult,Wasting,Tuberculosis,1,4.1,59.9,0.37
2021,1,Scotland,Highlands,Adult,Unknown,Vent & Feather Packing,1,4.1,297.2,0.872
2021,1,South East,Surrey,Adult,Unknown,Neoplasm,1,4.1,254.7,0.488
2021,1,South West,Northern Somerset & South Gloucestershire,Adult,Recumbent,Egg peritonitis & salpingits,1,4.1,209.1,0.483
2021,1,Wales,Carmarthenshire,Adult,Nervous,Helminthosis,1,4.1,240.3,0.822
2021,2,East of England,Hertfordshire,Adult,Non specific,Marek's Desease,1,4.5,97,0.113
2021,2,West Midlands,Shropshire,0-7 Days,Unknown,"Yolk Sack
Infection",1,4.5,126.9,0.795
2021,3,East of England,Hertfordshire,Adult,Egg drop or Egg quality,Egg peritonitis & salpingits,1,6.8,111.6,0.203
2021,3,North West,Cumbria,Adult,Unknown,Vent & Feather Packing,1,6.8,199,0.403
2021,4,East Midlands,Northamptonshire,Immature,Wasting,Ostemalacia,1,9.3,73,0.491
2021,4,West Midlands,Shropshire,0-7 Days,Unknown,"Yolk Sack
Infection",1,9.3,273.9,0.481
2021,5,East Midlands,Northamptonshire,Immature,Abnormal faeces & other GIT,Not listed- digestive,1,12.5,165.6,0.132
2021,5,North West,Cheshire,Adult,Unknown,Not listed- circulatory,1,12.5,161.2,0.354
2021,6,South East,Surrey,Unknown,Unknown,Helminthosis,1,15.1,76.2,0.385
2021,6,East of England,Essex,Adult,Found Dead,Chronic congestive heart failure ,1,15.1,221.2,0.865
2021,7,Yorkshire and The Humber,North Yorkshire,Adult,Wasting,Blackhead,1,17.2,254.2,0.834
2021,8,Scotland,Scottish Borders,Unknown,Found Dead,Malnutrition,1,16.8,207.4,0.567
2021,9,North West,Cumbria,Adult,Unknown,Neoplasm,1,14.2,110.5,0.847
2021,10,Scotland,Lothian,0-7 Days,Found Dead,Nephrosis,1,10.6,246.4,0.791
2021,11,Wales,Ceredigion,Adult,Respiratory,Red Mite,1,7.2,86.4,0.401
2021,12,South East & West Midlands,Herefordshire,Adult,Unknown,Impactions,1,4.6,256.8,0.194
2022,1,East of England,Cambridgeshire,Unknown,Respiratory,Mycoplasma synoviae infection,1,4.1,195.2,0.586
2022,1,East of England,Hertfordshire,Adult,Nervous,Marek's Desease,1,4.1,122.3,0.358
2022,2,South West,Northern Somerset & South Gloucestershire,Adult,Wasting,Impactions,1,4.5,178.3,0.108
2022,3,East Midlands & South West,Northern Somerset & South Gloucestershire,Adult,Unknown,Egg peritonitis & salpingits,1,6.8,207.2,0.885
2022,3,North West,Cumbria,Adult,Abnormal faeces & other GIT,Marek's Desease,1,6.8,114.6,0.875
2022,4,East of England,Essex,0-7 Days,Found Dead,Starve out,1,9.3,261.7,0.529
2022,4,East Midlands & Yorkshire and The Humber,West Yorkshire,Adult,Nervous,Marek's Desease,1,9.3,155.3,0.595
2022,5,Wales,Ceredigion,Adult,Recumbent,Egg peritonitis & salpingits,1,12.5,273.1,0.635
2022,6,East Midlands & Scotland,North Eastern Scotland,Adult,Non specific,Egg peritonitis & salpingits,1,15.1,258.9,0.841
2022,7,Scotland,North Eastern Scotland,Immature,Respiratory,Colicepticaemia,1,17.2,74.8,0.474
2022,8,East Midlands,Derbyshire,Adult,Unknown,Neoplasm,1,16.8,211.6,0.566
2022,9,East Midlands,Derbyshire,Immature,Wasting,Coccidiosis,1,14.2,127.6,0.281
2022,9,Wales,Powys,Adult,Egg drop or Egg quality,Egg peritonitis & salpingits,1,14.2,238.5,0.294
2022,10,East of England,Bedfordshire,Immature,Wasting,Not Listed- Respiratory,1,10.6,185.7,0.518
2022,11,South West,Cornwall and Isles of Scilly,Adult,Found Dead,Trauma/Fracture,1,7.2,164.4,0.283
2022,12,South West,Northern Somerset & South Gloucestershire,Adult,Found Dead,Impactions,1,4.6,273.8,0.124
2023,1,South East,Buckinghamshire,Adult,Wasting,Enterococcal infection,1,4.1,64.3,0.395
2023,2,West Midlands,Herefordshire,Adult,Respiratory,Helminthosis,1,4.5,189.3,0.7
2023,2,South West,Somerset excl North,Adult,Wasting,Egg peritonitis & salpingits,1,4.5,132,0.322
2023,3,East of England,Hertfordshire,Adult,Found Dead,Tuberculosis,1,6.8,58.8,0.79
2023,3,East Midlands,Nottinghamshire,Adult,Non specific,Neoplasm,1,6.8,238.4,0.662
2023,4,South West,Northern Somerset & South Gloucestershire,Adult,Abnormal faeces & other GIT,Neoplasm,1,9.3,190.4,0.623
2023,4,East Midlands,Nottinghamshire,Adult,Abnormal faeces & other GIT,Neoplasm,1,9.3,273.5,0.814
2023,5,North West,Cumbria,0-7 Days,Musculoskeletal &/or Lame,Pododermatitis,1,12.5,199.6,0.159
2023,5,East of England,Essex,Adult,Found Dead,Neoplasm,1,12.5,134.3,0.243
2023,6,East Midlands,Leicestershire and Rutland,Unknown,Unknown,Marek's Desease,1,15.1,296.3,0.827
2023,7,South West,Somerset excl North,Immature,Found Dead,Malnutrition,1,17.2,78.9,0.826
2023,8,Wales,South Wales,Adult,Found Dead,Neoplasm,1,16.8,63.2,0.163
2023,9,South West,Somerset excl North,Unknown,Recumbent,Curled Toe paralysis/ riboflabin deficiency,1,14.2,233.2,0.719
2023,10,London,Greater London,Adult,Wasting,Helminthosis,1,10.6,142.7,0.112
2023,11,Wales,Carmarthenshire,0-7 Days,Found Dead,Starve out,1,7.2,140.4,0.208
2023,12,South West,Northern Somerset & South Gloucestershire,Immature,Musculoskeletal &/or Lame,Curled Toe paralysis/ riboflabin deficiency,1,4.6,269.1,0.188
2024,1,Wales,Ceredigion,Adult,Respiratory,Mycotic pneumonia & Airsacculitis ,1,4.1,131.8,0.335
2024,2,Scotland,North Eastern Scotland,Adult,Wasting,Neoplasm,1,4.5,272.2,0.411
2024,2,South East,Surrey,Adult,Wasting,Not listed- digestive,1,4.5,211,0.829
2024,3,East Midlands,Nottinghamshire,Adult,Nervous,Helminthosis,1,6.8,132.3,0.449
2024,4,South East,Surrey,Adult,Nervous,Neoplasm,1,9.3,64.9,0.199
2024,4,Wales,North West Wales,Adult,Unknown,Neoplasm,1,9.3,111.3,0.318
2024,5,South East,Surrey,Adult,Nervous,Neoplasm,1,12.5,292.1,0.105
2024,5,East Midlands,Leicestershire and Rutland,Adult,Unknown,Helminthosis,1,12.5,151.3,0.122
2024,6,South East,Surrey,Adult,Wasting,Septicaemia if ot otherwise specified,1,15.1,90,0.445
2024,6,Wales,Ceredigion,Adult,Wasting,Egg peritonitis & salpingits,1,15.1,124.5,0.51
2024,7,Wales,Ceredigion,Adult,Found Dead,Red Mite,1,17.2,274.9,0.3
2024,7,East of England,Hertfordshire,Adult,Wasting,Neoplasm,1,17.2,91.2,0.404
2024,8,East Midlands,Lincolnshire,Adult,Abnormal faeces & other GIT,Poor Intestinal health in broilers ,1,16.8,244.5,0.183
2024,9,East of England,Hertfordshire,Immature,Recumbent,Marek's Desease,1,14.2,83.7,0.627
2024,10,Scotland,Argyll and Bute,Unknown,Wasting,Helminthosis,1,10.6,290.3,0.414
2024,10,East Midlands,Derbyshire,Adult,Nervous,Not listed,1,10.6,182.6,0.229
2024,11,Wales,Powys,Adult,Unknown,Colicepticaemia,1,7.2,60.8,0.498
2024,12,London,Greater London,Immature,Wasting,Coccidiosis,1,4.6,282.7,0.267
